phone,sid,lead_uuid,answers,notes
7604389110,CA12f705f0ac3f0133a17e0dfe41ad1494,f1944140-a2af-0133-aac9-08fb2afca1d1,"{""9108"":45555,""9135"":45664}","{""2540"":""This is a note for 2540 on Gated Communities ""}"
7604763744,CA12f9fa90ac3f0133a17e0dfe41ad1494,f1928c00-a2af-0133-aac9-08fb2afca1d1,"{""9108"":45552,""9135"":45666}","{""2540"":""This is a note for 2540 on Gated Communities ""}"
7604760069,CA12fc7b70ac3f0133a17e0dfe41ad1494,f1935ee0-a2af-0133-aac9-08fb2afca1d1,"{""9108"":45549,""9135"":45664}","{""2540"":""This is a note for 2540 on Gated Communities ""}"
9515411575,CA12ff2e90ac3f0133a17e0dfe41ad1494,f25b21d0-a2af-0133-aac9-08fb2afca1d1,"{""9108"":45552,""9135"":45665}","{""2540"":""This is a note for 2540 on Gated Communities ""}"
3106501520,CA1301c720ac3f0133a17e0dfe41ad1494,f22abf60-a2af-0133-aac9-08fb2afca1d1,"{""9108"":45550,""9135"":45665}","{""2540"":""This is a note for 2540 on Gated Communities ""}"
7602134783,CA13043b80ac3f0133a17e0dfe41ad1494,f24b3e30-a2af-0133-aac9-08fb2afca1d1,"{""9108"":45551,""9135"":45665}","{""2540"":""This is a note for 2540 on Gated Communities ""}"
7605180386,CA1305c6f0ac3f0133a17e0dfe41ad1494,f250d4b0-a2af-0133-aac9-08fb2afca1d1,"{""9108"":45551,""9135"":45664}","{""2540"":""This is a note for 2540 on Gated Communities ""}"
6197927900,CA1307de80ac3f0133a17e0dfe41ad1494,f249ee40-a2af-0133-aac9-08fb2afca1d1,"{""9108"":45550,""9135"":45665}","{""2540"":""This is a note for 2540 on Gated Communities ""}"
7602773134,CA130a9330ac3f0133a17e0dfe41ad1494,f24cb2f0-a2af-0133-aac9-08fb2afca1d1,"{""9108"":45555,""9135"":45666}","{""2540"":""This is a note for 2540 on Gated Communities ""}"
7608156053,CA130d4530ac3f0133a17e0dfe41ad1494,f2560b00-a2af-0133-aac9-08fb2afca1d1,"{""9108"":45555,""9135"":45665}","{""2540"":""This is a note for 2540 on Gated Communities ""}"
6195072100,CA130f5e00ac3f0133a17e0dfe41ad1494,f22b7940-a2af-0133-aac9-08fb2afca1d1,"{""9108"":45553,""9135"":45665}","{""2540"":""This is a note for 2540 on Gated Communities ""}"
7608899328,CA13126960ac3f0133a17e0dfe41ad1494,f25637e0-a2af-0133-aac9-08fb2afca1d1,"{""9108"":45553,""9135"":45665}","{""2540"":""This is a note for 2540 on Gated Communities ""}"
8587612858,CA1317e6a0ac3f0133a17e0dfe41ad1494,f25adf80-a2af-0133-aac9-08fb2afca1d1,"{""9108"":45550,""9135"":45664}","{""2540"":""This is a note for 2540 on Gated Communities ""}"
8584445366,CA1319e210ac3f0133a17e0dfe41ad1494,f25aae50-a2af-0133-aac9-08fb2afca1d1,"{""9108"":45549,""9135"":45665}","{""2540"":""This is a note for 2540 on Gated Communities ""}"
8583494102,CA131b7380ac3f0133a17e0dfe41ad1494,f25a9e20-a2af-0133-aac9-08fb2afca1d1,"{""9108"":45550,""9135"":45666}","{""2540"":""This is a note for 2540 on Gated Communities ""}"
6199770491,CA131d2340ac3f0133a17e0dfe41ad1494,f24ae3e0-a2af-0133-aac9-08fb2afca1d1,"{""9108"":45551,""9135"":45666}","{""2540"":""This is a note for 2540 on Gated Communities ""}"
6198902919,CA131f3fd0ac3f0133a17e0dfe41ad1494,f24ab1b0-a2af-0133-aac9-08fb2afca1d1,"{""9108"":45555,""9135"":45665}","{""2540"":""This is a note for 2540 on Gated Communities ""}"
8182881332,CA13209c30ac3f0133a17e0dfe41ad1494,f259e6d0-a2af-0133-aac9-08fb2afca1d1,"{""9108"":45553,""9135"":45664}","{""2540"":""This is a note for 2540 on Gated Communities ""}"
7609189187,CA1321c9e0ac3f0133a17e0dfe41ad1494,f2571cc0-a2af-0133-aac9-08fb2afca1d1,"{""9108"":45551,""9135"":45664}","{""2540"":""This is a note for 2540 on Gated Communities ""}"
8053686930,CA1323f780ac3f0133a17e0dfe41ad1494,f259cf80-a2af-0133-aac9-08fb2afca1d1,"{""9108"":45551,""9135"":45664}","{""2540"":""This is a note for 2540 on Gated Communities ""}"
